Workbook

Sheet Industry
A1: TIME | B1: 1990 | C1: 1991 | D1: 1992 | E1: 1993 | F1: 1994 | G1: 1995 | H1: 1996 | I1: 1997 | J1: 1998 | K1: 1999 | L1: 2000 | M1: 2001 | N1: 2002 | O1: 2003 | P1: 2004 | Q1: 2005 | R1: 2006 | S1: 2007 | T1: 2008 | U1: 2009 | V1: 2010 | W1: 2011 | X1: 2012 | Y1: 2013 | Z1: 2014 | AA1: 2015 | AB1: 2016 | AC1: 2017 | AD1: 2018 | AE1: 2019 | AF1: 2020 | AG1: 2021 | AH1: 2022 | AI1: 2023 | AJ1: 2024
A2: Bulgaria | B2: 8933.88 | C2: 6720.935 | D2: 5443.309 | E2: 4718.096 | F2: 5049.802 | G2: 5688.596 | H2: 5663.87 | I2: 5544.715 | J2: 4631.881 | K2: 3520.233 | L2: 3589.527 | M2: 3587.938 | N2: 3370.852 | O2: 3620.104 | P2: 3656.949 | Q2: 3649.899 | R2: 3680.952 | S2: 3811.018 | T2: 3453.842 | U2: 2442.063 | V2: 2549.961 | W2: 2696.44 | X2: 2566.576 | Y2: 2595.527 | Z2: 2617.523 | AA2: 2719.641 | AB2: 2655.459 | AC2: 2757.516 | AD2: 2736.144 | AE2: 2678.806 | AF2: 2646.35 | AG2: 2823.82 | AH2: 2703.532 | AI2: 2540.266 | AJ2: 2594.815
A3: Czechia | B3: 15927.153 | C3: 13463.688 | D3: 14643.152 | E3: 13528.518 | F3: 11584.194 | G3: 11442.857 | H3: 11228.686 | I3: 11086.553 | J3: 10225.206 | K3: 8573.606 | L3: 9195.503 | M3: 8912.446 | N3: 8622.782 | O3: 8509.412 | P3: 8796.781 | Q3: 8685.369 | R3: 8627.321 | S3: 8303.898 | T3: 7946.523 | U3: 7355.363 | V3: 6888.698 | W3: 6771.988 | X3: 6726.299 | Y3: 6426.744 | Z3: 6331.755 | AA3: 6477.94 | AB3: 6412.09 | AC3: 6734.121 | AD3: 6699.106 | AE3: 6618.619 | AF3: 6567.069 | AG3: 7013.271 | AH3: 6564.625 | AI3: 5966.333 | AJ3: 5671.87
A4: Estonia | B4: 2356.667 | C4: 2434.963 | D4: 1399.113 | E4: 1265.369 | F4: 1041.484 | G4: 755.208 | H4: 857.226 | I4: 777.581 | J4: 684.074 | K4: 568.583 | L4: 579.493 | M4: 642.945 | N4: 584.173 | O4: 664.09 | P4: 681.833 | Q4: 710.314 | R4: 684.66 | S4: 755.286 | T4: 732.029 | U4: 529.854 | V4: 577.671 | W4: 586.045 | X4: 564.247 | Y4: 639.597 | Z4: 555.819 | AA4: 535.033 | AB4: 457.757 | AC4: 462.926 | AD4: 485.921 | AE4: 459.307 | AF4: 408.037 | AG4: 383.584 | AH4: 358.4 | AI4: 337.166 | AJ4: 462.562
A5: Croatia | B5: 2190.058 | C5: 1660.83 | D5: 1333.198 | E5: 1269.435 | F5: 1318.544 | G5: 1203.635 | H5: 1282.935 | I5: 1415.585 | J5: 1405.95 | K5: 1347.242 | L5: 1335.338 | M5: 1400.676 | N5: 1353.052 | O5: 1403.685 | P5: 1523.582 | Q5: 1535.997 | R5: 1600.307 | S5: 1623.332 | T5: 1628.475 | U5: 1371.285 | V5: 1329.126 | W5: 1246.111 | X5: 1099.202 | Y5: 1075.141 | Z5: 1066.433 | AA5: 1056.141 | AB5: 1057.427 | AC5: 1148.118 | AD5: 1161.853 | AE5: 1172.434 | AF5: 1171.272 | AG5: 1191.359 | AH5: 1128.479 | AI5: 1173.888 | AJ5: 1140.414
A6: Latvia | B6: 1984.908 | C6: 1740.707 | D6: 1325.057 | E6: 882.543 | F6: 700.445 | G6: 701.111 | H6: 668.206 | I6: 736.001 | J6: 711.715 | K6: 639.925 | L6: 576.545 | M6: 612.785 | N6: 621.917 | O6: 626.382 | P6: 667.157 | Q6: 698.627 | R6: 741.131 | S6: 722.775 | T6: 679.176 | U6: 651.715 | V6: 773.847 | W6: 747.755 | X6: 827.436 | Y6: 767.643 | Z6: 791.158 | AA6: 787.78 | AB6: 748.954 | AC6: 793.307 | AD6: 897.845 | AE6: 852.714 | AF6: 870.882 | AG6: 894.119 | AH6: 907.175 | AI6: 921.39 | AJ6: 775.245
A7: Lithuania | B7: 3326.631 | C7: 3326.179 | D7: 1881.557 | E7: 1107.362 | F7: 1104.732 | G7: 1018.067 | H7: 975.669 | I7: 999.026 | J7: 1002.313 | K7: 830.02 | L7: 780.156 | M7: 772.342 | N7: 859.047 | O7: 904.892 | P7: 931.504 | Q7: 1057.591 | R7: 1088.041 | S7: 1116.536 | T7: 1010.085 | U7: 872.141 | V7: 949.629 | W7: 1013.346 | X7: 1071.759 | Y7: 1037.327 | Z7: 1033.722 | AA7: 982.755 | AB7: 988.969 | AC7: 1070.927 | AD7: 1106.588 | AE7: 1113.763 | AF7: 1024.34 | AG7: 1109.164 | AH7: 953.872 | AI7: 898.67 | AJ7: 979.789
A8: Hungary | B8: 6021.92 | C8: 5063.927 | D8: 4068.408 | E8: 3818.268 | F8: 3505.723 | G8: 3469.643 | H8: 3650.668 | I8: 3506.255 | J8: 3435.181 | K8: 3316.405 | L8: 3258.963 | M8: 3394.447 | N8: 3459.363 | O8: 3374.825 | P8: 3081.695 | Q8: 3097.952 | R8: 3117.723 | S8: 3073.725 | T8: 3081.38 | U8: 2424.57 | V8: 2604.791 | W8: 2998.149 | X8: 3182.392 | Y8: 3725.701 | Z8: 3705.025 | AA8: 3867.221 | AB8: 3988.299 | AC8: 4282.774 | AD8: 4453.878 | AE8: 4459.617 | AF8: 4421.598 | AG8: 4729.286 | AH8: 4303.259 | AI8: 3998.463 | AJ8: 4231.786
A9: Poland | B9: 23014.974 | C9: 21143.016 | D9: 19332.063 | E9: 20236.757 | F9: 19577.211 | G9: 21351.34 | H9: 23019.576 | I9: 22424.648 | J9: 19606.054 | K9: 17095.704 | L9: 17103.896 | M9: 15789.623 | N9: 15301.695 | O9: 15829.903 | P9: 15509.622 | Q9: 14617.708 | R9: 14653.888 | S9: 15249.796 | T9: 13982.544 | U9: 12823.318 | V9: 13499.375 | W9: 13961.33 | X9: 13733.354 | Y9: 14210.67 | Z9: 14153.187 | AA9: 14095.754 | AB9: 14652.306 | AC9: 15820.047 | AD9: 16327.935 | AE9: 16492.204 | AF9: 15921.165 | AG9: 16274.112 | AH9: 15074.146 | AI9: 13723.846 | AJ9: 14534.874
A10: Romania | B10: 24368.604 | C10: 20160.119 | D10: 13182.551 | E10: 12099.051 | F10: 13080.211 | G10: 13996.058 | H10: 13808.406 | I10: 11790.324 | J10: 9718.904 | K10: 8242.156 | L10: 8601.751 | M10: 9060.665 | N10: 9665.032 | O10: 9345.834 | P10: 9250.757 | Q10: 8997.651 | R10: 8653.802 | S10: 8336.571 | T10: 8318.681 | U10: 6144.626 | V10: 6484.195 | W10: 7059.692 | X10: 6748.255 | Y10: 6272.845 | Z10: 6427.425 | AA10: 6418.898 | AB10: 6263.796 | AC10: 6437.729 | AD10: 6612.433 | AE10: 6661.063 | AF10: 6437.031 | AG10: 6856.343 | AH10: 5739.746 | AI10: 4958 | AJ10: 5042.183
A11: Slovenia | B11: 1528.388 | C11: 1359.651 | D11: 1146.482 | E11: 1110.829 | F11: 1225.948 | G11: 1180.505 | H11: 1189.642 | I11: 1224.451 | J11: 1204.944 | K11: 1209.872 | L11: 1426.9 | M11: 1338.359 | N11: 1265.251 | O11: 1501.972 | P11: 1536.489 | Q11: 1645.872 | R11: 1701.272 | S11: 1607.556 | T11: 1485.338 | U11: 1221.108 | V11: 1274.056 | W11: 1236.892 | X11: 1207.414 | Y11: 1197.651 | Z11: 1231.213 | AA11: 1228.021 | AB11: 1242.337 | AC11: 1295.612 | AD11: 1319.176 | AE11: 1322.08 | AF11: 1256.408 | AG11: 1294.263 | AH11: 1181.138 | AI11: 1073.341 | AJ11: 1081.758
A12: Slovakia | B12: 5776.747 | C12: 4978.912 | D12: 4815.053 | E12: 3874.851 | F12: 4096.935 | G12: 3631.011 | H12: 3863.516 | I12: 3783.953 | J12: 3481.511 | K12: 3334.343 | L12: 3503.042 | M12: 3503.494 | N12: 3626.102 | O12: 3663.399 | P12: 3446.606 | Q12: 3590.796 | R12: 3565.994 | S12: 3662.817 | T12: 3651.572 | U12: 3118.543 | V12: 3224.086 | W12: 3255.331 | X12: 3233.817 | Y12: 3114.817 | Z12: 3241.628 | AA12: 3333.371 | AB12: 3308.576 | AC12: 3452.442 | AD12: 3662.539 | AE12: 3463.68 | AF12: 3138.177 | AG12: 3382.392 | AH12: 3167.959 | AI12: 2869.479 | AJ12: 2875.036

Sheet Transport
A1: TIME | B1: 1990 | C1: 1991 | D1: 1992 | E1: 1993 | F1: 1994 | G1: 1995 | H1: 1996 | I1: 1997 | J1: 1998 | K1: 1999 | L1: 2000 | M1: 2001 | N1: 2002 | O1: 2003 | P1: 2004 | Q1: 2005 | R1: 2006 | S1: 2007 | T1: 2008 | U1: 2009 | V1: 2010 | W1: 2011 | X1: 2012 | Y1: 2013 | Z1: 2014 | AA1: 2015 | AB1: 2016 | AC1: 2017 | AD1: 2018 | AE1: 2019 | AF1: 2020 | AG1: 2021 | AH1: 2022 | AI1: 2023 | AJ1: 2024
A2: Bulgaria | B2: 2302.071 | C2: 1275.702 | D2: 1381.153 | E2: 1527.654 | F2: 1398.673 | G2: 1502.778 | H2: 1478.18 | I2: 1502.073 | J2: 1897.21 | K2: 1978.394 | L2: 1931.53 | M2: 1986.768 | N2: 2068.872 | O2: 2248.317 | P2: 2421.986 | Q2: 2717.28 | R2: 2855.793 | S2: 2767.061 | T2: 2884.27 | U2: 2761.501 | V2: 2694.753 | W2: 2759.922 | X2: 2914.39 | Y2: 2620.341 | Z2: 2916.487 | AA2: 3211.585 | AB2: 3268.077 | AC2: 3324.915 | AD2: 3374.736 | AE2: 3413.546 | AF2: 3209.758 | AG2: 3434.583 | AH2: 3468.082 | AI2: 3527.768 | AJ2: 3748.692
A3: Czechia | B3: 2570.047 | C3: 2247.069 | D3: 2878.937 | E3: 2883.438 | F3: 3062.384 | G3: 2646.965 | H3: 3588.923 | I3: 3692.714 | J3: 3785.498 | K3: 4144.646 | L3: 4206.928 | M3: 4417.017 | N3: 4613.834 | O3: 5209.184 | P3: 5371.418 | Q3: 5747.453 | R3: 5963.29 | S3: 6290.504 | T3: 6325.031 | U3: 6220.839 | V3: 5916.11 | W3: 5935.592 | X3: 5788.889 | Y3: 5738.681 | Z3: 5948.768 | AA3: 6195.22 | AB3: 6417.093 | AC3: 6617.264 | AD3: 6659.891 | AE3: 6778.778 | AF3: 6377.501 | AG3: 6749.252 | AH3: 6888.929 | AI3: 7027.815 | AJ3: 7313.13
A4: Estonia | B4: 832.38 | C4: 756.253 | D4: 408.349 | E4: 434.262 | F4: 535.112 | G4: 525.281 | H4: 554.58 | I4: 581.961 | J4: 600.143 | K4: 558.357 | L4: 556.44 | M4: 662.048 | N4: 694.411 | O4: 671.886 | P4: 682.464 | Q4: 717.906 | R4: 767.853 | S4: 803.603 | T4: 777.763 | U4: 713.25 | V4: 754.608 | W4: 749.262 | X4: 757.812 | Y4: 739.198 | Z4: 741.51 | AA4: 760.004 | AB4: 776.895 | AC4: 803.862 | AD4: 834.796 | AE4: 839.841 | AF4: 795.628 | AG4: 840.249 | AH4: 845.746 | AI4: 845.792 | AJ4: 864.947
A5: Croatia | B5: 1239.605 | C5: 992.339 | D5: 928.719 | E5: 968.916 | F5: 1031.896 | G5: 1095.997 | H5: 1224.574 | I5: 1295.467 | J5: 1349.721 | K5: 1445.388 | L5: 1477.566 | M5: 1492.788 | N5: 1593.842 | O5: 1722.975 | P5: 1766.138 | Q5: 1833.136 | R5: 1950.114 | S5: 2096.104 | T5: 2077.132 | U5: 2068.82 | V5: 1980.608 | W5: 1942.325 | X5: 1902.891 | Y5: 1924.636 | Z5: 1900.924 | AA5: 1997.802 | AB5: 2045.099 | AC5: 2196.674 | AD5: 2146.863 | AE5: 2235.149 | AF5: 1968.591 | AG5: 2147.878 | AH5: 2234.877 | AI5: 2488.585 | AJ5: 2747.568
A6: Latvia | B6: 1053.608 | C6: 961.347 | D6: 843.867 | E6: 788.196 | F6: 724.953 | G6: 690.499 | H6: 664.958 | I6: 673.78 | J6: 664.425 | K6: 652.686 | L6: 722.129 | M6: 851.186 | N6: 873.016 | O6: 918.913 | P6: 964.041 | Q6: 1007.9 | R6: 1112.4 | S6: 1252.378 | T6: 1182.956 | U6: 1038.946 | V6: 1083.453 | W6: 964.755 | X6: 929.636 | Y6: 939.54 | Z6: 982.367 | AA6: 1037.65 | AB6: 1033.562 | AC6: 1080.824 | AD6: 1108.725 | AE6: 1098.869 | AF6: 1045.5 | AG6: 1077.062 | AH6: 1022.107 | AI6: 1021.614 | AJ6: 967.511
A7: Lithuania | B7: 1858.532 | C7: 2051.819 | D7: 1347.083 | E7: 1030.305 | F7: 811.601 | G7: 997.88 | H7: 1096.565 | I7: 1222.918 | J7: 1285.097 | K7: 1147.376 | L7: 1032.909 | M7: 1127.43 | N7: 1168.189 | O7: 1187.76 | P7: 1303.725 | Q7: 1386.438 | R7: 1493.684 | S7: 1771.228 | T7: 1768.062 | U7: 1465.602 | V7: 1497.054 | W7: 1483.642 | X7: 1508.424 | Y7: 1502.068 | Z7: 1662.623 | AA7: 1750.186 | AB7: 1864.513 | AC7: 1960.025 | AD7: 2081.494 | AE7: 2150.671 | AF7: 2126.456 | AG7: 2144.972 | AH7: 2103.595 | AI7: 2144.1 | AJ7: 2084.679
A8: Hungary | B8: 2954.047 | C8: 2589.946 | D8: 2502.627 | E8: 2495.02 | F8: 2432.143 | G8: 2497.499 | H8: 2491.695 | I8: 2629.31 | J8: 2905.959 | K8: 3084.451 | L8: 3061.374 | M8: 3218.114 | N8: 3417.473 | O8: 3574.842 | P8: 3735.912 | Q8: 4036.333 | R8: 4318.788 | S8: 4398.631 | T8: 4501.063 | U8: 4480.534 | V8: 4089.374 | W8: 3812.948 | X8: 3692.233 | Y8: 3459.986 | Z8: 3873.295 | AA8: 4181.253 | AB8: 4261.597 | AC8: 4496.778 | AD8: 4790.228 | AE8: 5070.454 | AF8: 4459.534 | AG8: 4897.618 | AH8: 5277.609 | AI8: 4932.683 | AJ8: 4907.517
A9: Poland | B9: 7185.112 | C9: 7474.411 | D9: 7579.094 | E9: 7423.07 | F9: 7700.732 | G9: 7978.804 | H9: 8985.587 | I9: 9488.371 | J9: 9969.413 | K9: 10827.962 | L9: 9594.767 | M9: 9549.384 | N9: 9273.373 | O9: 10139.462 | P9: 11384.162 | Q9: 12224.81 | R9: 13498.18 | S9: 14842.218 | T9: 15805.595 | U9: 16162.094 | V9: 17187.324 | W9: 17408.452 | X9: 16680.374 | Y9: 15744.03 | Z9: 15804.956 | AA9: 16561.088 | AB9: 18557.173 | AC9: 21415.239 | AD9: 22316.791 | AE9: 22746.098 | AF9: 21725.353 | AG9: 23508.374 | AH9: 23856.025 | AI9: 23719.096 | AJ9: 24367.676
A10: Romania | B10: 4178.492 | C10: 3615.777 | D10: 3714.091 | E10: 2976.167 | F10: 3121.342 | G10: 2914.092 | H10: 4023.553 | I10: 4086.726 | J10: 3867.36 | K10: 3181.486 | L10: 3321.021 | M10: 3996.98 | N10: 4119.965 | O10: 4308.882 | P10: 4468.709 | Q10: 4155.278 | R10: 4269.246 | S10: 4578.362 | T10: 5160.397 | U10: 5268.425 | V10: 4965.841 | W10: 5212.55 | X10: 5314.735 | Y10: 5188.743 | Z10: 5266.333 | AA10: 5337.702 | AB10: 5738.034 | AC10: 6149.188 | AD10: 6303.748 | AE10: 6571.907 | AF10: 6460.8 | AG10: 6879.222 | AH10: 7444.576 | AI10: 7721.894 | AJ10: 7944.828
A11: Slovenia | B11: 909.786 | C11: 856.411 | D11: 882.305 | E11: 1062.283 | F11: 1184.652 | G11: 1319.046 | H11: 1491.841 | I11: 1559.415 | J11: 1300.795 | K11: 1232.266 | L11: 1223.677 | M11: 1273.951 | N11: 1301.736 | O11: 1319.239 | P11: 1375.153 | Q11: 1462.797 | R11: 1529.121 | S11: 1731.091 | T11: 2035.783 | U11: 1719.587 | V11: 1778.392 | W11: 1882.202 | X11: 1899.103 | Y11: 1809.666 | Z11: 1794.9 | AA11: 1772.57 | AB11: 1882.533 | AC11: 1934.203 | AD11: 1974.63 | AE11: 1926.584 | AF11: 1583.292 | AG11: 1799.603 | AH11: 1954.951 | AI11: 1834.363 | AJ11: 1931.734
A12: Slovakia | B12: 1447.68 | C12: 1242.995 | D12: 1254.744 | E12: 1069.298 | F12: 1237.928 | G12: 1374.315 | H12: 1248.385 | I12: 1447.545 | J12: 1469.496 | K12: 1484.764 | L12: 1429.505 | M12: 2000.616 | N12: 2209.482 | O12: 2043.513 | P12: 2165.206 | Q12: 2354.82 | R12: 2215.123 | S12: 2429.892 | T12: 2668.941 | U12: 2314.2 | V12: 2595.378 | W12: 2596.766 | X12: 2299.84 | Y12: 2308.716 | Z12: 2176.422 | AA12: 2168.799 | AB12: 2429.877 | AC12: 2772.655 | AD12: 2744.051 | AE12: 2789.729 | AF12: 2487.886 | AG12: 2619.259 | AH12: 2659.961 | AI12: 2624.335 | AJ12: 2597.773

Sheet Services
A1: TIME | B1: 1990 | C1: 1991 | D1: 1992 | E1: 1993 | F1: 1994 | G1: 1995 | H1: 1996 | I1: 1997 | J1: 1998 | K1: 1999 | L1: 2000 | M1: 2001 | N1: 2002 | O1: 2003 | P1: 2004 | Q1: 2005 | R1: 2006 | S1: 2007 | T1: 2008 | U1: 2009 | V1: 2010 | W1: 2011 | X1: 2012 | Y1: 2013 | Z1: 2014 | AA1: 2015 | AB1: 2016 | AC1: 2017 | AD1: 2018 | AE1: 2019 | AF1: 2020 | AG1: 2021 | AH1: 2022 | AI1: 2023 | AJ1: 2024
A2: Bulgaria | B2: 1597.812 | C2: 750.004 | D2: 535.428 | E2: 670.187 | F2: 869.806 | G2: 703.694 | H2: 771.603 | I2: 607.183 | J2: 650.454 | K2: 680.677 | L2: 658.397 | M2: 773.157 | N2: 747.412 | O2: 762.994 | P2: 714.995 | Q2: 840.941 | R2: 963.008 | S2: 918.493 | T2: 982.449 | U2: 970.058 | V2: 1026.678 | W2: 1089.74 | X2: 1069.698 | Y2: 1029.822 | Z2: 992.002 | AA2: 1078.658 | AB2: 1157.041 | AC2: 1167.156 | AD2: 1231.216 | AE2: 1268.032 | AF2: 1066.112 | AG2: 1299.855 | AH2: 1343.364 | AI2: 1264.733 | AJ2: 1320.059
A3: Czechia | B3: 3029.948 | C3: 3215.662 | D3: 1887.977 | E3: 1710.377 | F3: 1641.413 | G3: 2416.379 | H3: 2309.82 | I3: 2345.324 | J3: 2646.077 | K3: 2927.003 | L3: 2971.701 | M3: 3215.311 | N3: 3029.362 | O3: 3429.547 | P3: 3488.602 | Q3: 3137.474 | R3: 3095.354 | S3: 2972.526 | T3: 3157.361 | U3: 2977.074 | V3: 3249.062 | W3: 3132.559 | X3: 3039.527 | Y3: 3010.066 | Z3: 2922.578 | AA3: 2977.367 | AB3: 3091.444 | AC3: 3180.772 | AD3: 3127.767 | AE3: 3191.895 | AF3: 2987.13 | AG3: 2966.844 | AH3: 2889.892 | AI3: 2693.4 | AJ3: 2746.66
A4: Estonia | B4: 287.527 | C4: 270.713 | D4: 280.171 | E4: 135.232 | F4: 267.426 | G4: 171.976 | H4: 222.967 | I4: 249.101 | J4: 248.406 | K4: 276.187 | L4: 288.156 | M4: 296.163 | N4: 299.255 | O4: 338.588 | P4: 380.535 | Q4: 388.669 | R4: 397.078 | S4: 409.878 | T4: 433.181 | U4: 418.577 | V4: 424.239 | W4: 402.178 | X4: 423.52 | Y4: 417.892 | Z4: 457.642 | AA4: 465.395 | AB4: 498.236 | AC4: 466.591 | AD4: 490.285 | AE4: 462.14 | AF4: 467.154 | AG4: 511.934 | AH4: 455.451 | AI4: 361.21 | AJ4: 389.32
A5: Croatia | B5: 492.07 | C5: 408.105 | D5: 341.761 | E5: 413.576 | F5: 444.693 | G5: 482.957 | H5: 505.369 | I5: 508.473 | J5: 521.763 | K5: 531.877 | L5: 520.468 | M5: 594.086 | N5: 626.074 | O5: 666.293 | P5: 690.263 | Q5: 721.259 | R5: 715.28 | S5: 707.571 | T5: 754.36 | U5: 758.463 | V5: 797.584 | W5: 786.568 | X5: 758.306 | Y5: 740.881 | Z5: 693.717 | AA5: 763.679 | AB5: 780.992 | AC5: 818.061 | AD5: 832.935 | AE5: 835.886 | AF5: 757.788 | AG5: 848.096 | AH5: 808.947 | AI5: 780.95 | AJ5: 786.6
A6: Latvia | B6: 1102.573 | C6: 1166.138 | D6: 910.905 | E6: 751.794 | F6: 708.452 | G6: 662.456 | H6: 563.782 | I6: 590.775 | J6: 561.131 | K6: 523.939 | L6: 472.688 | M6: 501.962 | N6: 534.925 | O6: 564.695 | P6: 596.232 | Q6: 594.581 | R6: 635.797 | S6: 683.328 | T6: 609.948 | U6: 572.964 | V6: 597.801 | W6: 556.709 | X6: 623.331 | Y6: 600.446 | Z6: 608.772 | AA6: 586.308 | AB6: 592.494 | AC6: 606.778 | AD6: 591.751 | AE6: 568.472 | AF6: 549.954 | AG6: 600.656 | AH6: 569.985 | AI6: 539.563 | AJ6: 535.453
A7: Lithuania | B7: 1713.441 | C7: 1922.193 | D7: 1014.119 | E7: 720.74 | F7: 789.098 | G7: 690.484 | H7: 616.462 | I7: 588.755 | J7: 541.323 | K7: 530.337 | L7: 463.448 | M7: 470.913 | N7: 488.87 | O7: 518.833 | P7: 541.68 | Q7: 561.997 | R7: 607.527 | S7: 629.697 | T7: 604.183 | U7: 590.787 | V7: 600.7 | W7: 583.961 | X7: 610.064 | Y7: 593.023 | Z7: 585.668 | AA7: 574.923 | AB7: 602.552 | AC7: 633.867 | AD7: 651.177 | AE7: 626.707 | AF7: 576.205 | AG7: 646.668 | AH7: 623.744 | AI7: 620.897 | AJ7: 639.231
A8: Hungary | B8: 2022.054 | C8: 2399.012 | D8: 1988.226 | E8: 2401.029 | F8: 2633.928 | G8: 2641.469 | H8: 2983.461 | I8: 2887.651 | J8: 2922.513 | K8: 2961.838 | L8: 3026.274 | M8: 3199.631 | N8: 2967.144 | O8: 3085.163 | P8: 3546.045 | Q8: 3500.624 | R8: 3182.934 | S8: 2796.982 | T8: 2741.319 | U8: 2903.651 | V8: 3048.64 | W8: 3053.612 | X8: 2353.881 | Y8: 2337.107 | Z8: 2114.78 | AA8: 2203.657 | AB8: 2183.456 | AC8: 2154.189 | AD8: 2098.672 | AE8: 2050.439 | AF8: 2000.195 | AG8: 2074.148 | AH8: 1905.638 | AI8: 1642.105 | AJ8: 1632.815
A9: Poland | B9: 4953.576 | C9: 4882.639 | D9: 4808.676 | E9: 5000.87 | F9: 4216.601 | G9: 4134.172 | H9: 4629.982 | I9: 4449.791 | J9: 4565.359 | K9: 4905.193 | L9: 4966.033 | M9: 5385.164 | N9: 6092.486 | O9: 6314.678 | P9: 6729.648 | Q9: 6730.226 | R9: 7461.947 | S9: 7111.609 | T9: 7979.599 | U9: 8040.534 | V9: 8836.745 | W9: 8429.419 | X9: 8363.965 | Y9: 8078.718 | Z9: 7788.276 | AA9: 7842.349 | AB9: 8502.804 | AC9: 8044.539 | AD9: 7928.559 | AE9: 7808.047 | AF9: 7561.151 | AG9: 8393.796 | AH9: 8136.768 | AI9: 8097.506 | AJ9: 7413.122
A10: Romania | B10: 389.94 | C10: 173.087 | D10: 628.432 | E10: 405.46 | F10: 465.843 | G10: 511.782 | H10: 683.639 | I10: 474.3 | J10: 778.337 | K10: 699.448 | L10: 673.421 | M10: 1122.776 | N10: 557.368 | O10: 1150.384 | P10: 1264.004 | Q10: 1669.97 | R10: 2411.576 | S10: 2019.69 | T10: 1697.801 | U10: 1760.388 | V10: 1880.538 | W10: 1774.282 | X10: 1763.099 | Y10: 1784.9 | Z10: 1768.388 | AA10: 1761.969 | AB10: 1806.394 | AC10: 1858.427 | AD10: 1976.15 | AE10: 1962.137 | AF10: 1834.29 | AG10: 1854.128 | AH10: 1908.08 | AI10: 2050.182 | AJ10: 1933.88
A11: Slovenia | B11: 293.671 | C11: 331.843 | D11: 335.02 | E11: 377.611 | F11: 336.959 | G11: 398.02 | H11: 740.593 | I11: 673.229 | J11: 745.194 | K11: 825.938 | L11: 527.202 | M11: 720.049 | N11: 715.289 | O11: 504.478 | P11: 543.362 | Q11: 475.779 | R11: 438.76 | S11: 369.879 | T11: 496.453 | U11: 490.996 | V11: 532.638 | W11: 531.47 | X11: 453.358 | Y11: 467.775 | Z11: 427.211 | AA11: 454.503 | AB11: 492.427 | AC11: 480.68 | AD11: 474.453 | AE11: 451.994 | AF11: 418.343 | AG11: 421.099 | AH11: 429.899 | AI11: 437.184 | AJ11: 441.653
A12: Slovakia | B12: 3659.087 | C12: 3173.879 | D12: 2903.726 | E12: 3052.135 | F12: 2451.14 | G12: 2655.855 | H12: 2670.42 | I12: 2409.969 | J12: 2473.343 | K12: 2363.297 | L12: 2199.591 | M12: 1705.635 | N12: 1552.966 | O12: 1300.518 | P12: 1439.761 | Q12: 1750.803 | R12: 1877.469 | S12: 1872.441 | T12: 1938.741 | U12: 1944.416 | V12: 2105.4 | W12: 1601.718 | X12: 1451.245 | Y12: 1710.558 | Z12: 1233.318 | AA12: 1299.549 | AB12: 1308.325 | AC12: 1426.737 | AD12: 1314.726 | AE12: 1222.506 | AF12: 1108.698 | AG12: 1408.624 | AH12: 1285.219 | AI12: 1146.792 | AJ12: 1161.631

Sheet Households
A1: TIME | B1: 1990 | C1: 1991 | D1: 1992 | E1: 1993 | F1: 1994 | G1: 1995 | H1: 1996 | I1: 1997 | J1: 1998 | K1: 1999 | L1: 2000 | M1: 2001 | N1: 2002 | O1: 2003 | P1: 2004 | Q1: 2005 | R1: 2006 | S1: 2007 | T1: 2008 | U1: 2009 | V1: 2010 | W1: 2011 | X1: 2012 | Y1: 2013 | Z1: 2014 | AA1: 2015 | AB1: 2016 | AC1: 2017 | AD1: 2018 | AE1: 2019 | AF1: 2020 | AG1: 2021 | AH1: 2022 | AI1: 2023 | AJ1: 2024
A2: Bulgaria | B2: 2336.07 | C2: 2479.321 | D2: 2626.804 | E2: 2829.252 | F2: 2443.498 | G2: 2447.466 | H2: 2685.13 | I2: 2213.172 | J2: 2424.369 | K2: 2174.123 | L2: 2101.596 | M2: 1975.063 | N2: 2116.749 | O2: 2231.753 | P2: 2084.563 | Q2: 2089.666 | R2: 2158.268 | S2: 2061.67 | T2: 2113.463 | U2: 2114.011 | V2: 2243.338 | W2: 2374.281 | X2: 2352.559 | Y2: 2241.036 | Z2: 2164.991 | AA2: 2192.912 | AB2: 2252.111 | AC2: 2318.715 | AD2: 2229.672 | AE2: 2162.252 | AF2: 2382.245 | AG2: 2403.893 | AH2: 2137.397 | AI2: 2046.582 | AJ2: 1961.546
A3: Czechia | B3: 7343.44 | C3: 7027.503 | D3: 6493.784 | E3: 6392.034 | F3: 6410.515 | G3: 6584.005 | H3: 7341.635 | I3: 6989.25 | J3: 6575.111 | K3: 6529.019 | L3: 6437.123 | M3: 7007.797 | N3: 6719.303 | O3: 6933.364 | P3: 6828.858 | Q3: 6665.539 | R3: 6786.785 | S3: 6414.496 | T3: 6512.139 | U3: 6656.571 | V3: 7440.711 | W3: 6863.723 | X3: 7115.57 | Y3: 7269.133 | Z3: 6554.173 | AA3: 6769.51 | AB3: 7090.172 | AC3: 7202.965 | AD3: 7042.708 | AE3: 6963.387 | AF3: 7148.052 | AG3: 7864.166 | AH3: 7157.766 | AI3: 6416.158 | AJ3: 6229.411
A4: Estonia | B4: 1006.216 | C4: 885.008 | D4: 773.142 | E4: 751.733 | F4: 888.218 | G4: 1082.343 | H4: 1147.364 | I4: 1146.558 | J4: 1000.777 | K4: 954.78 | L4: 926.31 | M4: 946.972 | N4: 915.904 | O4: 924.163 | P4: 921.954 | Q4: 889.167 | R4: 881.169 | S4: 961.519 | T4: 951.951 | U4: 970.068 | V4: 1026.849 | W4: 935.253 | X4: 970.828 | Y4: 933.506 | Z4: 888.143 | AA4: 857.435 | AB4: 930.578 | AC4: 940.914 | AD4: 941.042 | AE4: 951.351 | AF4: 944.704 | AG4: 965.256 | AH4: 963.88 | AI4: 935.976 | AJ4: 938.747
A5: Croatia | B5: 1971.244 | C5: 2272.567 | D5: 1974.941 | E5: 2058.863 | F5: 1978.224 | G5: 2166.831 | H5: 2426.658 | I5: 2363.492 | J5: 2368.9 | K5: 2484.067 | L5: 2294.89 | M5: 2469.763 | N5: 2483.313 | O5: 2706.366 | P5: 2701.991 | Q5: 2826.121 | R5: 2658.936 | S5: 2530.131 | T5: 2589.92 | U5: 2645.608 | V5: 2770.882 | W5: 2643.5 | X5: 2561.304 | Y5: 2493.453 | Z5: 2228.532 | AA5: 2429.916 | AB5: 2409.158 | AC5: 2392.72 | AD5: 2298.895 | AE5: 2238.586 | AF5: 2277.143 | AG5: 2441.87 | AH5: 2286.359 | AI5: 2224.526 | AJ5: 2212.031
A6: Latvia | B6: 1582.861 | C6: 1762.827 | D6: 1686.439 | E6: 1738.233 | F6: 1667.221 | G6: 1600.616 | H6: 1691.821 | I6: 1540.61 | J6: 1499.284 | K6: 1410.043 | L6: 1326.642 | M6: 1442.273 | N6: 1431.035 | O6: 1498.75 | P6: 1472.758 | Q6: 1503.944 | R6: 1480.648 | S6: 1457.706 | T6: 1451.54 | U6: 1534.586 | V6: 1388.905 | W6: 1327.389 | X6: 1376.24 | Y6: 1267.242 | Z6: 1238.471 | AA6: 1105.582 | AB6: 1143.483 | AC6: 1195.604 | AD6: 1231.009 | AE6: 1187.967 | AF6: 1115.366 | AG6: 1202.993 | AH6: 1115.069 | AI6: 1079.133 | AJ6: 1099.341
A7: Lithuania | B7: 1842.68 | C7: 2007.139 | D7: 1628.92 | E7: 1713.853 | F7: 1748.729 | G7: 1640.071 | H7: 1549.527 | I7: 1497.468 | J7: 1450.236 | K7: 1401.67 | L7: 1366.002 | M7: 1417.803 | N7: 1440.644 | O7: 1465.121 | P7: 1478.962 | Q7: 1506.591 | R7: 1568.999 | S7: 1503.571 | T7: 1551.803 | U7: 1568.648 | V7: 1593.216 | W7: 1532.207 | X7: 1534.798 | Y7: 1467.198 | Z7: 1400.9 | AA7: 1359.131 | AB7: 1433.211 | AC7: 1455.374 | AD7: 1511.606 | AE7: 1447.177 | AF7: 1433.361 | AG7: 1629.694 | AH7: 1558.114 | AI7: 1530.945 | AJ7: 1616.951
A8: Hungary | B8: 6720.543 | C8: 6968.345 | D8: 6366.602 | E8: 6323.553 | F8: 6202.577 | G8: 6200.435 | H8: 6235.352 | I8: 5833.068 | J8: 5634.655 | K8: 5779.695 | L8: 5601.853 | M8: 6009.595 | N8: 6016.637 | O8: 6603.918 | P8: 6091.489 | Q8: 6969.275 | R8: 6713.445 | S8: 6117.605 | T8: 6017.799 | U8: 6311.473 | V8: 6648.743 | W8: 6569.577 | X8: 6375.847 | Y8: 6209.747 | Z8: 5487.452 | AA8: 5969.813 | AB8: 6156.505 | AC8: 6294.138 | AD8: 5818.115 | AE8: 5676.869 | AF8: 5980.487 | AG8: 6374.4 | AH8: 5821.192 | AI8: 5367.117 | AJ8: 5259.795
A9: Poland | B9: 17829.287 | C9: 20471.602 | D9: 20843.784 | E9: 24414.075 | F9: 23091.131 | G9: 22656.785 | H9: 23023 | I9: 21706.328 | J9: 19533.173 | K9: 19438.526 | L9: 17207.79 | M9: 18812.527 | N9: 18694.218 | O9: 18795.905 | P9: 18831.675 | Q9: 19469.163 | R9: 20469.408 | S9: 19366.034 | T9: 19668.123 | U9: 19991.704 | V9: 22003.32 | W9: 20130.182 | X9: 20812.928 | Y9: 20492.305 | Z9: 19034.846 | AA9: 19032.461 | AB9: 19886.302 | AC9: 20063.177 | AD9: 22557.493 | AE9: 20993.899 | AF9: 21101.347 | AG9: 22130.789 | AH9: 20492.124 | AI9: 19920.949 | AJ9: 19636.597
A10: Romania | B10: 10478.499 | C10: 7194.435 | D10: 6259.509 | E10: 6606.767 | F10: 6398.178 | G10: 6335.814 | H10: 8110.644 | I10: 9656.902 | J10: 9506.591 | K10: 8749.417 | L10: 8417.586 | M10: 7286.854 | N10: 7226.183 | O10: 7829.947 | P10: 7972.437 | Q10: 7991.34 | R10: 7854.717 | S10: 7519.256 | T10: 8070.214 | U10: 8015.179 | V10: 8102.009 | W10: 7859.678 | X10: 8060.582 | Y10: 7721.97 | Z10: 7409.681 | AA10: 7375.183 | AB10: 7414.92 | AC10: 7732.038 | AD10: 7775.08 | AE10: 7753.283 | AF10: 8007.426 | AG10: 8764.871 | AH10: 7894.699 | AI10: 7552.174 | AJ10: 7434.117
A11: Slovenia | B11: 953.347 | C11: 1134.819 | D11: 1011.722 | E11: 1101.065 | F11: 1093.883 | G11: 1163.921 | H11: 1033.136 | I11: 1070.152 | J11: 1030.235 | K11: 1054.162 | L11: 1242.439 | M11: 1329.405 | N11: 1287.778 | O11: 1407.539 | P11: 1381.173 | Q11: 1428.841 | R11: 1334.128 | S11: 1301.505 | T11: 1354.045 | U11: 1320.196 | V11: 1363.866 | W11: 1299.105 | X11: 1251.763 | Y11: 1238.44 | Z11: 1060.348 | AA11: 1172.476 | AB11: 1196.324 | AC11: 1171.381 | AD11: 1101.397 | AE11: 1076.85 | AF11: 1091.333 | AG11: 1162.089 | AH11: 1052.349 | AI11: 1040.915 | AJ11: 1033.167
A12: Slovakia | B12: 2246.498 | C12: 1888.877 | D12: 1767.102 | E12: 1720.807 | F12: 1771.655 | G12: 1976.756 | H12: 2232.746 | I12: 2362.268 | J12: 2448.105 | K12: 2568.717 | L12: 2586.241 | M12: 3082.644 | N12: 2997.922 | O12: 2839.583 | P12: 2666.506 | Q12: 2540.462 | R12: 2310.145 | S12: 2080.702 | T12: 2130.687 | U12: 2147.493 | V12: 3028.239 | W12: 2790.822 | X12: 2820.587 | Y12: 2842.735 | Z12: 2325.037 | AA12: 2573.288 | AB12: 2688.692 | AC12: 2744.162 | AD12: 2546.007 | AE12: 2637.679 | AF12: 2744.571 | AG12: 2966.314 | AH12: 2686.513 | AI12: 2425.468 | AJ12: 2299.882

Sheet Agriculture
A1: TIME | B1: 1990 | C1: 1991 | D1: 1992 | E1: 1993 | F1: 1994 | G1: 1995 | H1: 1996 | I1: 1997 | J1: 1998 | K1: 1999 | L1: 2000 | M1: 2001 | N1: 2002 | O1: 2003 | P1: 2004 | Q1: 2005 | R1: 2006 | S1: 2007 | T1: 2008 | U1: 2009 | V1: 2010 | W1: 2011 | X1: 2012 | Y1: 2013 | Z1: 2014 | AA1: 2015 | AB1: 2016 | AC1: 2017 | AD1: 2018 | AE1: 2019 | AF1: 2020 | AG1: 2021 | AH1: 2022 | AI1: 2023 | AJ1: 2024
A2: Bulgaria | B2: 789.039 | C2: 687.757 | D2: 498.05 | E2: 409.391 | F2: 436.972 | G2: 384.913 | H2: 418.582 | I2: 316.069 | J2: 290.693 | K2: 308.601 | L2: 313.668 | M2: 275.658 | N2: 279.945 | O2: 283.578 | P2: 276.457 | Q2: 303.99 | R2: 295.112 | S2: 266.592 | T2: 187.23 | U2: 183.13 | V2: 183.481 | W2: 203.369 | X2: 198.705 | Y2: 192.934 | Z2: 190.326 | AA2: 185.584 | AB2: 185.09 | AC2: 177.288 | AD2: 185.275 | AE2: 187.459 | AF2: 188.093 | AG2: 193.783 | AH2: 193.306 | AI2: 193.553 | AJ2: 189.528
A3: Czechia | B3: 1534.588 | C3: 1479.347 | D3: 1162.592 | E3: 1108.702 | F3: 1103.942 | G3: 1232.374 | H3: 749.076 | I3: 581.889 | J3: 547.276 | K3: 652.309 | L3: 661.234 | M3: 606.166 | N3: 570.274 | O3: 562.704 | P3: 556.961 | Q3: 546.793 | R3: 560.299 | S3: 520.599 | T3: 520.352 | U3: 513.392 | V3: 546.022 | W3: 547.912 | X3: 563.455 | Y3: 609.855 | Z3: 615.141 | AA3: 606.831 | AB3: 640.619 | AC3: 639.487 | AD3: 620.358 | AE3: 635.277 | AF3: 637.872 | AG3: 642.03 | AH3: 613.167 | AI3: 601.905 | AJ3: 608.383
A4: Estonia | B4: 678.072 | C4: 706.702 | D4: 400.205 | E4: 216.755 | F4: 104.35 | G4: 83.079 | H4: 98.715 | I4: 83.039 | J4: 86.879 | K4: 56.254 | L4: 58.096 | M4: 99.565 | N4: 108.8 | O4: 113.202 | P4: 103.693 | Q4: 103.226 | R4: 97.724 | S4: 92.934 | T4: 94.87 | U4: 92.706 | V4: 94.779 | W4: 108.177 | X4: 110.044 | Y4: 109.435 | Z4: 130.375 | AA4: 131.79 | AB4: 129.73 | AC4: 131.657 | AD4: 124.184 | AE4: 112.796 | AF4: 109.366 | AG4: 88.114 | AH4: 96.826 | AI4: 81.732 | AJ4: 36.865
A5: Croatia | B5: 437.811 | C5: 283.244 | D5: 281.331 | E5: 275.716 | F5: 253.486 | G5: 253.966 | H5: 261.108 | I5: 262.304 | J5: 277.709 | K5: 266.517 | L5: 265.491 | M5: 246.456 | N5: 226.044 | O5: 229.447 | P5: 212.425 | Q5: 217.513 | R5: 219.217 | S5: 213.974 | T5: 227.895 | U5: 223.626 | V5: 219.994 | W5: 224.35 | X5: 207.344 | Y5: 204.149 | Z5: 212.386 | AA5: 209.893 | AB5: 212.896 | AC5: 211.762 | AD5: 218.051 | AE5: 220.99 | AF5: 233.682 | AG5: 233.858 | AH5: 238.272 | AI5: 234.628 | AJ5: 244.59
A6: Latvia | B6: 574.743 | C6: 484.322 | D6: 322.8 | E6: 249.086 | F6: 188.377 | G6: 124.091 | H6: 123.908 | I6: 122.915 | J6: 112.539 | K6: 104.431 | L6: 100.261 | M6: 102.576 | N6: 103.381 | O6: 111.471 | P6: 124.787 | Q6: 126.362 | R6: 135.627 | S6: 142.839 | T6: 120.895 | U6: 129.908 | V6: 145.221 | W6: 141.027 | X6: 142.226 | Y6: 147.703 | Z6: 146.055 | AA6: 155.461 | AB6: 167.426 | AC6: 185.097 | AD6: 180.684 | AE6: 201.632 | AF6: 205.033 | AG6: 191.606 | AH6: 193.219 | AI6: 188.897 | AJ6: 203.758
A7: Lithuania | B7: 797.386 | C7: 686.4 | D7: 430.133 | E7: 294.049 | F7: 234.339 | G7: 203.59 | H7: 203.939 | I7: 176.6 | J7: 161.42 | K7: 113.175 | L7: 99.543 | M7: 98.899 | N7: 100.66 | O7: 101.813 | P7: 105.248 | Q7: 104.3 | R7: 110.358 | S7: 117.416 | T7: 113.591 | U7: 102.418 | V7: 109.277 | W7: 108.649 | X7: 108.517 | Y7: 104.189 | Z7: 103.882 | AA7: 97.73 | AB7: 104.348 | AC7: 109.24 | AD7: 107.656 | AE7: 110.692 | AF7: 113.704 | AG7: 121.754 | AH7: 126.365 | AI7: 114.204 | AJ7: 291.886
A8: Hungary | B8: 1137.051 | C8: 959.724 | D8: 757.635 | E8: 671.522 | F8: 683.49 | G8: 664.351 | H8: 710.355 | I8: 692.92 | J8: 710.069 | K8: 722.582 | L8: 670.22 | M8: 632.889 | N8: 653.787 | O8: 616.172 | P8: 586.64 | Q8: 560.52 | R8: 550.379 | S8: 498.362 | T8: 526.758 | U8: 441.29 | V8: 487.466 | W8: 482.629 | X8: 398.231 | Y8: 520.855 | Z8: 593.057 | AA8: 576.48 | AB8: 646.943 | AC8: 608.396 | AD8: 647.18 | AE8: 672.843 | AF8: 703.444 | AG8: 665.967 | AH8: 596.722 | AI8: 565.942 | AJ8: 539.523
A9: Poland | B9: 3392.589 | C9: 3679.253 | D9: 3867.229 | E9: 4736.212 | F9: 4976.622 | G9: 4788.901 | H9: 4973.241 | I9: 5163.813 | J9: 4741.747 | K9: 4836.891 | L9: 4645.508 | M9: 4608.69 | N9: 4379.619 | O9: 4191.626 | P9: 4300.884 | Q9: 4438.069 | R9: 3819.318 | S9: 3510.804 | T9: 3639.958 | U9: 3571.639 | V9: 3730.31 | W9: 3679.665 | X9: 3666.477 | Y9: 3578.307 | Z9: 3420.882 | AA9: 3329.935 | AB9: 3537.569 | AC9: 3881.008 | AD9: 3918.937 | AE9: 3813.401 | AF9: 3867.885 | AG9: 3834.615 | AH9: 3302.534 | AI9: 3576.038 | AJ9: 3096.913
A10: Romania | B10: 2260.353 | C10: 2330.439 | D10: 1422.831 | E10: 1156.467 | F10: 812.724 | G10: 1004.686 | H10: 848.02 | I10: 916.911 | J10: 776.612 | K10: 467.948 | L10: 398.089 | M10: 288.515 | N10: 278.553 | O10: 242.153 | P10: 231.902 | Q10: 214.819 | R10: 261.437 | S10: 261.079 | T10: 293.477 | U10: 380.376 | V10: 392.827 | W10: 434.689 | X10: 497.765 | Y10: 469.335 | Z10: 420.892 | AA10: 458.591 | AB10: 453.305 | AC10: 495.784 | AD10: 565.828 | AE10: 557.151 | AF10: 530.671 | AG10: 566.582 | AH10: 554.831 | AI10: 539.309 | AJ10: 523.825
A11: Slovenia | B11: 0 | C11: 0 | D11: 0 | E11: 0 | F11: 0 | G11: 0 | H11: 0 | I11: 0 | J11: 72.92 | K11: 72.92 | L11: 78.21 | M11: 77.183 | N11: 76.156 | O11: 79.237 | P11: 74.071 | Q11: 75.098 | R11: 75.413 | S11: 74.396 | T11: 76.431 | U11: 66.256 | V11: 69.542 | W11: 67.507 | X11: 71.014 | Y11: 69.998 | Z11: 75.287 | AA11: 74.166 | AB11: 73.381 | AC11: 72.919 | AD11: 74.521 | AE11: 73.245 | AF11: 71.937 | AG11: 73.567 | AH11: 73.954 | AI11: 73.844 | AJ11: 72.851
A12: Slovakia | B12: 708.894 | C12: 513.781 | D12: 415.37 | E12: 499.333 | F12: 315.141 | G12: 301.567 | H12: 287.002 | I12: 310.427 | J12: 259.523 | K12: 227.24 | L12: 207.017 | M12: 180.984 | N12: 149.413 | O12: 159.184 | P12: 161.773 | Q12: 165.358 | R12: 142.124 | S12: 136.722 | T12: 140.793 | U12: 130.019 | V12: 134.641 | W12: 157.65 | X12: 143.477 | Y12: 131.056 | Z12: 137.209 | AA12: 150.297 | AB12: 148.743 | AC12: 142.552 | AD12: 132.68 | AE12: 129.36 | AF12: 131.8 | AG12: 131.742 | AH12: 123.964 | AI12: 119.368 | AJ12: 120.654

Sheet Total
A1: TIME | B1: 1990 | C1: 1991 | D1: 1992 | E1: 1993 | F1: 1994 | G1: 1995 | H1: 1996 | I1: 1997 | J1: 1998 | K1: 1999 | L1: 2000 | M1: 2001 | N1: 2002 | O1: 2003 | P1: 2004 | Q1: 2005 | R1: 2006 | S1: 2007 | T1: 2008 | U1: 2009 | V1: 2010 | W1: 2011 | X1: 2012 | Y1: 2013 | Z1: 2014 | AA1: 2015 | AB1: 2016 | AC1: 2017 | AD1: 2018 | AE1: 2019 | AF1: 2020 | AG1: 2021 | AH1: 2022 | AI1: 2023 | AJ1: 2024
A2: Bulgaria | B2: =SUM(Industry!B2,Transport!B2,Services!B2,Households!B2,Agriculture!B2) -> 15958.872 | C2: =SUM(Industry!C2,Transport!C2,Services!C2,Households!C2,Agriculture!C2) -> 11913.719 | D2: =SUM(Industry!D2,Transport!D2,Services!D2,Households!D2,Agriculture!D2) -> 10484.744 | E2: =SUM(Industry!E2,Transport!E2,Services!E2,Households!E2,Agriculture!E2) -> 10154.58 | F2: =SUM(Industry!F2,Transport!F2,Services!F2,Households!F2,Agriculture!F2) -> 10198.751 | G2: =SUM(Industry!G2,Transport!G2,Services!G2,Households!G2,Agriculture!G2) -> 10727.447 | H2: =SUM(Industry!H2,Transport!H2,Services!H2,Households!H2,Agriculture!H2) -> 11017.365 | I2: =SUM(Industry!I2,Transport!I2,Services!I2,Households!I2,Agriculture!I2) -> 10183.212 | ... AJ2: =SUM(Industry!AJ2,Transport!AJ2,Services!AJ2,Households!AJ2,Agriculture!AJ2) -> 9814.64
A3: Czechia | B3: =SUM(Industry!B3,Transport!B3,Services!B3,Households!B3,Agriculture!B3) -> 30405.176 | C3: =SUM(Industry!C3,Transport!C3,Services!C3,Households!C3,Agriculture!C3) -> 27433.269 | D3: =SUM(Industry!D3,Transport!D3,Services!D3,Households!D3,Agriculture!D3) -> 27066.442 | E3: =SUM(Industry!E3,Transport!E3,Services!E3,Households!E3,Agriculture!E3) -> 25623.069 | F3: =SUM(Industry!F3,Transport!F3,Services!F3,Households!F3,Agriculture!F3) -> 23802.448 | G3: =SUM(Industry!G3,Transport!G3,Services!G3,Households!G3,Agriculture!G3) -> 24322.58 | H3: =SUM(Industry!H3,Transport!H3,Services!H3,Households!H3,Agriculture!H3) -> 25218.14 | I3: =SUM(Industry!I3,Transport!I3,Services!I3,Households!I3,Agriculture!I3) -> 24695.73 | ... AJ3: =SUM(Industry!AJ3,Transport!AJ3,Services!AJ3,Households!AJ3,Agriculture!AJ3) -> 22569.454
A4: Estonia | B4: =SUM(Industry!B4,Transport!B4,Services!B4,Households!B4,Agriculture!B4) -> 5160.862 | C4: =SUM(Industry!C4,Transport!C4,Services!C4,Households!C4,Agriculture!C4) -> 5053.639 | D4: =SUM(Industry!D4,Transport!D4,Services!D4,Households!D4,Agriculture!D4) -> 3260.98 | E4: =SUM(Industry!E4,Transport!E4,Services!E4,Households!E4,Agriculture!E4) -> 2803.351 | F4: =SUM(Industry!F4,Transport!F4,Services!F4,Households!F4,Agriculture!F4) -> 2836.59 | G4: =SUM(Industry!G4,Transport!G4,Services!G4,Households!G4,Agriculture!G4) -> 2617.887 | H4: =SUM(Industry!H4,Transport!H4,Services!H4,Households!H4,Agriculture!H4) -> 2880.852 | I4: =SUM(Industry!I4,Transport!I4,Services!I4,Households!I4,Agriculture!I4) -> 2838.24 | ... AJ4: =SUM(Industry!AJ4,Transport!AJ4,Services!AJ4,Households!AJ4,Agriculture!AJ4) -> 2692.441
A5: Croatia | B5: =SUM(Industry!B5,Transport!B5,Services!B5,Households!B5,Agriculture!B5) -> 6330.788 | C5: =SUM(Industry!C5,Transport!C5,Services!C5,Households!C5,Agriculture!C5) -> 5617.085 | D5: =SUM(Industry!D5,Transport!D5,Services!D5,Households!D5,Agriculture!D5) -> 4859.95 | E5: =SUM(Industry!E5,Transport!E5,Services!E5,Households!E5,Agriculture!E5) -> 4986.506 | F5: =SUM(Industry!F5,Transport!F5,Services!F5,Households!F5,Agriculture!F5) -> 5026.843 | G5: =SUM(Industry!G5,Transport!G5,Services!G5,Households!G5,Agriculture!G5) -> 5203.386 | H5: =SUM(Industry!H5,Transport!H5,Services!H5,Households!H5,Agriculture!H5) -> 5700.644 | I5: =SUM(Industry!I5,Transport!I5,Services!I5,Households!I5,Agriculture!I5) -> 5845.321 | ... AJ5: =SUM(Industry!AJ5,Transport!AJ5,Services!AJ5,Households!AJ5,Agriculture!AJ5) -> 7131.203
A6: Latvia | B6: =SUM(Industry!B6,Transport!B6,Services!B6,Households!B6,Agriculture!B6) -> 6298.693 | C6: =SUM(Industry!C6,Transport!C6,Services!C6,Households!C6,Agriculture!C6) -> 6115.341 | D6: =SUM(Industry!D6,Transport!D6,Services!D6,Households!D6,Agriculture!D6) -> 5089.068 | E6: =SUM(Industry!E6,Transport!E6,Services!E6,Households!E6,Agriculture!E6) -> 4409.852 | F6: =SUM(Industry!F6,Transport!F6,Services!F6,Households!F6,Agriculture!F6) -> 3989.448 | G6: =SUM(Industry!G6,Transport!G6,Services!G6,Households!G6,Agriculture!G6) -> 3778.773 | H6: =SUM(Industry!H6,Transport!H6,Services!H6,Households!H6,Agriculture!H6) -> 3712.675 | I6: =SUM(Industry!I6,Transport!I6,Services!I6,Households!I6,Agriculture!I6) -> 3664.081 | ... AJ6: =SUM(Industry!AJ6,Transport!AJ6,Services!AJ6,Households!AJ6,Agriculture!AJ6) -> 3581.308
A7: Lithuania | B7: =SUM(Industry!B7,Transport!B7,Services!B7,Households!B7,Agriculture!B7) -> 9538.67 | C7: =SUM(Industry!C7,Transport!C7,Services!C7,Households!C7,Agriculture!C7) -> 9993.73 | D7: =SUM(Industry!D7,Transport!D7,Services!D7,Households!D7,Agriculture!D7) -> 6301.812 | E7: =SUM(Industry!E7,Transport!E7,Services!E7,Households!E7,Agriculture!E7) -> 4866.309 | F7: =SUM(Industry!F7,Transport!F7,Services!F7,Households!F7,Agriculture!F7) -> 4688.499 | G7: =SUM(Industry!G7,Transport!G7,Services!G7,Households!G7,Agriculture!G7) -> 4550.092 | H7: =SUM(Industry!H7,Transport!H7,Services!H7,Households!H7,Agriculture!H7) -> 4442.162 | I7: =SUM(Industry!I7,Transport!I7,Services!I7,Households!I7,Agriculture!I7) -> 4484.767 | ... AJ7: =SUM(Industry!AJ7,Transport!AJ7,Services!AJ7,Households!AJ7,Agriculture!AJ7) -> 5612.536
A8: Hungary | B8: =SUM(Industry!B8,Transport!B8,Services!B8,Households!B8,Agriculture!B8) -> 18855.615 | C8: =SUM(Industry!C8,Transport!C8,Services!C8,Households!C8,Agriculture!C8) -> 17980.954 | D8: =SUM(Industry!D8,Transport!D8,Services!D8,Households!D8,Agriculture!D8) -> 15683.498 | E8: =SUM(Industry!E8,Transport!E8,Services!E8,Households!E8,Agriculture!E8) -> 15709.392 | F8: =SUM(Industry!F8,Transport!F8,Services!F8,Households!F8,Agriculture!F8) -> 15457.861 | G8: =SUM(Industry!G8,Transport!G8,Services!G8,Households!G8,Agriculture!G8) -> 15473.397 | H8: =SUM(Industry!H8,Transport!H8,Services!H8,Households!H8,Agriculture!H8) -> 16071.531 | I8: =SUM(Industry!I8,Transport!I8,Services!I8,Households!I8,Agriculture!I8) -> 15549.204 | ... AJ8: =SUM(Industry!AJ8,Transport!AJ8,Services!AJ8,Households!AJ8,Agriculture!AJ8) -> 16571.436
A9: Poland | B9: =SUM(Industry!B9,Transport!B9,Services!B9,Households!B9,Agriculture!B9) -> 56375.538 | C9: =SUM(Industry!C9,Transport!C9,Services!C9,Households!C9,Agriculture!C9) -> 57650.921 | D9: =SUM(Industry!D9,Transport!D9,Services!D9,Households!D9,Agriculture!D9) -> 56430.846 | E9: =SUM(Industry!E9,Transport!E9,Services!E9,Households!E9,Agriculture!E9) -> 61810.984 | F9: =SUM(Industry!F9,Transport!F9,Services!F9,Households!F9,Agriculture!F9) -> 59562.297 | G9: =SUM(Industry!G9,Transport!G9,Services!G9,Households!G9,Agriculture!G9) -> 60910.002 | H9: =SUM(Industry!H9,Transport!H9,Services!H9,Households!H9,Agriculture!H9) -> 64631.386 | I9: =SUM(Industry!I9,Transport!I9,Services!I9,Households!I9,Agriculture!I9) -> 63232.951 | ... AJ9: =SUM(Industry!AJ9,Transport!AJ9,Services!AJ9,Households!AJ9,Agriculture!AJ9) -> 69049.182
A10: Romania | B10: =SUM(Industry!B10,Transport!B10,Services!B10,Households!B10,Agriculture!B10) -> 41675.888 | C10: =SUM(Industry!C10,Transport!C10,Services!C10,Households!C10,Agriculture!C10) -> 33473.857 | D10: =SUM(Industry!D10,Transport!D10,Services!D10,Households!D10,Agriculture!D10) -> 25207.414 | E10: =SUM(Industry!E10,Transport!E10,Services!E10,Households!E10,Agriculture!E10) -> 23243.912 | F10: =SUM(Industry!F10,Transport!F10,Services!F10,Households!F10,Agriculture!F10) -> 23878.298 | G10: =SUM(Industry!G10,Transport!G10,Services!G10,Households!G10,Agriculture!G10) -> 24762.432 | H10: =SUM(Industry!H10,Transport!H10,Services!H10,Households!H10,Agriculture!H10) -> 27474.262 | I10: =SUM(Industry!I10,Transport!I10,Services!I10,Households!I10,Agriculture!I10) -> 26925.163 | ... AJ10: =SUM(Industry!AJ10,Transport!AJ10,Services!AJ10,Households!AJ10,Agriculture!AJ10) -> 22878.833
A11: Slovenia | B11: =SUM(Industry!B11,Transport!B11,Services!B11,Households!B11,Agriculture!B11) -> 3685.192 | C11: =SUM(Industry!C11,Transport!C11,Services!C11,Households!C11,Agriculture!C11) -> 3682.724 | D11: =SUM(Industry!D11,Transport!D11,Services!D11,Households!D11,Agriculture!D11) -> 3375.529 | E11: =SUM(Industry!E11,Transport!E11,Services!E11,Households!E11,Agriculture!E11) -> 3651.788 | F11: =SUM(Industry!F11,Transport!F11,Services!F11,Households!F11,Agriculture!F11) -> 3841.442 | G11: =SUM(Industry!G11,Transport!G11,Services!G11,Households!G11,Agriculture!G11) -> 4061.492 | H11: =SUM(Industry!H11,Transport!H11,Services!H11,Households!H11,Agriculture!H11) -> 4455.212 | I11: =SUM(Industry!I11,Transport!I11,Services!I11,Households!I11,Agriculture!I11) -> 4527.247 | ... AJ11: =SUM(Industry!AJ11,Transport!AJ11,Services!AJ11,Households!AJ11,Agriculture!AJ11) -> 4561.163
A12: Slovakia | B12: =SUM(Industry!B12,Transport!B12,Services!B12,Households!B12,Agriculture!B12) -> 13838.906 | C12: =SUM(Industry!C12,Transport!C12,Services!C12,Households!C12,Agriculture!C12) -> 11798.444 | D12: =SUM(Industry!D12,Transport!D12,Services!D12,Households!D12,Agriculture!D12) -> 11155.995 | E12: =SUM(Industry!E12,Transport!E12,Services!E12,Households!E12,Agriculture!E12) -> 10216.424 | F12: =SUM(Industry!F12,Transport!F12,Services!F12,Households!F12,Agriculture!F12) -> 9872.799 | G12: =SUM(Industry!G12,Transport!G12,Services!G12,Households!G12,Agriculture!G12) -> 9939.504 | H12: =SUM(Industry!H12,Transport!H12,Services!H12,Households!H12,Agriculture!H12) -> 10302.069 | I12: =SUM(Industry!I12,Transport!I12,Services!I12,Households!I12,Agriculture!I12) -> 10314.162 | ... AJ12: =SUM(Industry!AJ12,Transport!AJ12,Services!AJ12,Households!AJ12,Agriculture!AJ12) -> 9054.976
